model;mse;r2;rmse
LinearRegression;332.8823515925993;0.224768043414253;18.24506375962001
XGBoost;304.6819648108208;0.2904424203126379;17.455141500738996
LightGBMRegressor;288.6656985427593;0.3277418487046345;16.990164759141074
GradientBoostedRegresion;306.8889970820369;0.2853025805534043;17.51824754597437
DecisionTreeRegressor;405.2041113358583;0.0563417539421456;20.129682345627277
RandomForestRegressor;305.7516232073435;0.28795134991600246;17.485754865242264
