model;mse;r2;rmse
LinearRegression;332.8823515925993;0.224768043414253;18.24506375962001
XGBoost;313.37416866305654;0.2701996103013163;17.702377486175592
LightGBMRegressor;288.6656985427593;0.3277418487046345;16.990164759141074
GradientBoostedRegresion;287.4145179616005;0.3306556564368056;16.953304042622502
DecisionTreeRegressor;382.24140240957394;0.1098183821991426;19.55099492122009
RandomForestRegressor;292.0126625932127;0.31994728261531924;17.088377997727367
